Type,Total_Sales,Avg_Size,Store_Count,Avg_Sales_Per_Store,Sales_Per_SqFt
A,4331014722.75,182231.28548622134,22,196864305.57954547,1080.2991651750738
B,2000700736.82,101818.7358267837,17,117688278.63647059,1155.8607331040182
C,405503527.54,40535.72528581825,6,67583921.25666668,1667.2680895711383
